user_id,app_id,comment,recommended
201340,734550,"This was not a terrible game, just a disappointing one for me. I could see some appeal because the combat stayed engaging for a long time and the moment-to-moment gameplay felt sharp, but the game still felt too uneven overall. It might work for other people, but it was not for me.",False
201601,413350,"It is a decent game, even if it never fully clicked for me. It feels like a small project with real personality, and it has a clear identity instead of feeling generic, but the experience still loses momentum in places. I would call it a cautious recommendation at best.",True
203549,424030,"After a few sessions, this one won me over. The combat stayed engaging for a long time, and the strategic layer kept me paying attention. It is worth trying if this genre is already in your wheelhouse.",True
203575,982760,"I can see what the game is aiming for, but the execution feels uneven. I could see some appeal because the combat stayed engaging for a long time and survival pressure made the sessions memorable, but the game still felt too uneven overall. I would only recommend it to someone who is already very into this niche.",False
200211,644550,"I can see why this game has a strong audience. It has a clear identity instead of feeling generic, and it does a good job selling the simulation idea. I would recommend it, especially if the tags already sound appealing to you.",True
203515,206610,"This was not a terrible game, just a disappointing one for me. I could see some appeal because it is easy to pick up for a short session and it works well when I want something low pressure, but the game still felt too uneven overall. There is something here, but I cannot honestly recommend it as it is.",False
201465,610500,"I ended up liking this more than I expected. It has a light tone that makes it easy to keep going, and it was easy to keep moving from one objective to the next. It does enough well that I would point other people toward it.",True
200134,861230,"I can see why this game has a strong audience. It feels like a small project with real personality, and it has a clear identity instead of feeling generic. For the right player, this is a very easy recommendation.",True
202677,811870,"This is an easy game for me to recommend. Once the controls clicked, the platforming was fun, and it has a clear identity instead of feeling generic. It is worth trying if this genre is already in your wheelhouse.",True
201742,703090,"This lands somewhere in the middle for me. It has a clear identity instead of feeling generic, and the strategic layer kept me paying attention, but the experience still loses momentum in places. Whether you like it probably depends on how much you enjoy this genre.",True
202316,654250,"I do not think this came together as well as it could have. I could see some appeal because it feels like a small project with real personality and the pacing worked well for an adventure game, but the game still felt too uneven overall. I do not regret trying it, but I would not rush to recommend it.",False
200026,63610,"This was a really solid surprise. It is easy to enjoy this at your own pace, and it was easy to keep moving from one objective to the next. It does enough well that I would point other people toward it.",True
200929,562320,"After a few sessions, this one won me over. It was easy to keep moving from one objective to the next, and it builds tension well when you let it breathe. I would recommend it, especially if the tags already sound appealing to you.",True
200032,235380,"I do not think this came together as well as it could have. I could see some appeal because the systems are detailed enough to stay interesting and it makes sense why people keep returning to it, but the game still felt too uneven overall. I would only recommend it to someone who is already very into this niche.",False
200315,786350,"There is a lot to like here, but also a few obvious issues. Once the controls clicked, the platforming was fun, and it feels like a small project with real personality, but the experience still loses momentum in places. There is enough here to keep it interesting, even if it is not an easy recommendation.",False
202707,709400,"I can see why this game has a strong audience. The moment-to-moment gameplay felt sharp, and the combat stayed engaging for a long time. It is worth trying if this genre is already in your wheelhouse.",True
202887,598530,"I had mixed feelings, but it was still interesting enough to finish a session or two.",False
201509,665210,"This was a really solid surprise. The systems are detailed enough to stay interesting, and it feels like a small project with real personality. It does enough well that I would point other people toward it.",True
200270,444830,"I can see why this game has a strong audience. The systems are detailed enough to stay interesting, and I liked having room to experiment. I would recommend it, especially if the tags already sound appealing to you.",True
201965,377860,"This is an easy game for me to recommend. The combat stayed engaging for a long time, and it is easy to enjoy this at your own pace. I would play more of it without much hesitation.",True
200879,336210,"I have mixed feelings about this game. It has a clear identity instead of feeling generic, and the combat stayed engaging for a long time, but the experience still loses momentum in places. It is not a must-play, but I can understand why some people enjoy it.",True
201924,436860,"I have mixed feelings about this game. The moment-to-moment gameplay felt sharp, and resource management added real tension, but the experience still loses momentum in places. Whether you like it probably depends on how much you enjoy this genre.",True
201057,6010,"I ended up liking this more than I expected. The combat stayed engaging for a long time, and the atmosphere is one of its biggest strengths. It is worth trying if this genre is already in your wheelhouse.",True
202377,953920,"I ended up liking this more than I expected. The moment-to-moment gameplay felt sharp, and the strategic layer kept me paying attention. For the right player, this is a very easy recommendation.",True
201231,805950,"This was a really solid surprise. The moment-to-moment gameplay felt sharp, and it is easy to enjoy this at your own pace. It is worth trying if this genre is already in your wheelhouse.",True
200439,836540,"I had a good time with this one. The pacing worked well for an adventure game, and it was easy to keep moving from one objective to the next. I would recommend it, especially if the tags already sound appealing to you.",True
200415,864510,"After a few sessions, this one won me over. The gunplay is the main reason i kept playing, and the moment-to-moment gameplay felt sharp. It is worth trying if this genre is already in your wheelhouse.",True
200670,437000,"I had a good time with this one. The writing was stronger than i expected, and the moment-to-moment gameplay felt sharp. I would play more of it without much hesitation.",True
202843,513330,"This was not a terrible game, just a disappointing one for me. I could see some appeal because I liked juggling the different systems and the management layer made the game easy to sink time into, but the game still felt too uneven overall. I do not regret trying it, but I would not rush to recommend it.",False
203019,690550,"This is an easy game for me to recommend. The moment-to-moment gameplay felt sharp, and it has a clear identity instead of feeling generic. I would recommend it, especially if the tags already sound appealing to you.",True
200811,283490,"I have mixed feelings about this game. It does a respectable job with its main idea, and I could understand the appeal after spending some time with it, but the experience still loses momentum in places. I could still recommend it with the right expectations.",False
202357,510110,"I can see what the game is aiming for, but the execution feels uneven. I could see some appeal because the strategic layer kept me paying attention and it works well when I want something low pressure, but the game still felt too uneven overall. I do not regret trying it, but I would not rush to recommend it.",False
200179,285010,"After a few sessions, this one won me over. Solving things felt satisfying more often than frustrating, and it feels like a small project with real personality. I would recommend it, especially if the tags already sound appealing to you.",True
202762,768770,"I can see why this game has a strong audience. It feels like a small project with real personality, and it has a clear identity instead of feeling generic. For the right player, this is a very easy recommendation.",True
202988,800180,"This was a really solid surprise. It was easy to keep moving from one objective to the next, and it works well when I want something low pressure. I would play more of it without much hesitation.",True
202456,658510,"I enjoyed parts of it more than the whole package. Building out a character was satisfying, and the progression system felt rewarding, but the experience still loses momentum in places. I would call it a cautious recommendation at best.",True
201226,674390,"I enjoyed parts of it more than the whole package. It was easy to keep moving from one objective to the next, and movement feels better than I expected, but the experience still loses momentum in places. There is enough here to keep it interesting, even if it is not an easy recommendation.",False
200999,757040,"This was a really solid surprise. It has a clear identity instead of feeling generic, and it feels like a small project with real personality. It is worth trying if this genre is already in your wheelhouse.",True
200817,1019040,"I do not think this came together as well as it could have. I could see some appeal because it makes sense why people keep returning to it and the moment-to-moment gameplay felt sharp, but the game still felt too uneven overall. I would wait for a discount before suggesting it to anyone else.",False
200927,423900,"I can see what the game is aiming for, but the execution feels uneven. I could see some appeal because the pacing worked well for an adventure game and it was easy to keep moving from one objective to the next, but the game still felt too uneven overall. I do not regret trying it, but I would not rush to recommend it.",False
202696,340320,"This is an easy game for me to recommend. Building out a character was satisfying, and the pacing worked well for an adventure game. I would play more of it without much hesitation.",True
203033,417060,"After a few sessions, this one won me over. It has a clear identity instead of feeling generic, and it feels like a small project with real personality. I would play more of it without much hesitation.",True
202955,431460,"I can see why this game has a strong audience. It has a clear identity instead of feeling generic, and it feels like a small project with real personality. For the right player, this is a very easy recommendation.",True
200120,527520,"I can see what the game is aiming for, but the execution feels uneven. I could see some appeal because it has a clear identity instead of feeling generic and the moment-to-moment gameplay felt sharp, but the game still felt too uneven overall. I would only recommend it to someone who is already very into this niche.",False
201786,798240,"There is a lot to like here, but also a few obvious issues. The combat stayed engaging for a long time, and it feels like a small project with real personality, but the experience still loses momentum in places. I could still recommend it with the right expectations.",False
201403,463480,A decent game with some strengths and some obvious rough edges.,False
200387,844490,"I can see why this game has a strong audience. It feels like a small project with real personality, and it has a clear identity instead of feeling generic. It does enough well that I would point other people toward it.",True
201510,318430,"I had a good time with this one. It feels like a small project with real personality, and the pacing worked well for an adventure game. It does enough well that I would point other people toward it.",True
202104,613370,"I can see what the game is aiming for, but the execution feels uneven. I could see some appeal because it was easy to keep moving from one objective to the next and the puzzle design was solid without feeling unfair, but the game still felt too uneven overall. There is something here, but I cannot honestly recommend it as it is.",False
202962,403900,"This was not a terrible game, just a disappointing one for me. I could see some appeal because it has a clear identity instead of feeling generic and the moment-to-moment gameplay felt sharp, but the game still felt too uneven overall. I would only recommend it to someone who is already very into this niche.",False
