app_id,name,release_date,game_genre,tags,summary,platform,categories,price,num_positive_review,num_negative_review,review_score_description,total_reviews,positive_ratio,metacritic_score,recommendations,is_free
413350,Daydream Blue,25/01/17,Adventure | Casual | Indie,Adventure | Casual | Indie | VR,"Escape into a vibrant world of whimsy, wonder, and new friends.",windows,Cross-Platform Multiplayer | Family Sharing | Full controller support | Multi-player | Online PvP | PvP | Single-player | Steam Achievements | VR Only,3.99,0.0,2.0,2 user reviews,2.0,0.0,,,False
424030,War of Rights,03/12/18,Action | Early Access | Indie | Simulation | Strategy,Action | America | Early Access | FPS | First-Person | Gore | Historical | Indie | Massively Multiplayer | Mature | Military | Multiplayer | Realistic | Shooter | Simulation | Singleplayer | Strategy | Tactical | Violent | War,"War of Rights is a first person multiplayer game featuring massive 350 player battles with a focus on historical authenticity, teamplay and immersion. It is set during the perilous days of the American Civil War, in the Maryland Campaign of September, 1862.",windows,Co-op | Family Sharing | Multi-player | Online Co-op | Online PvP | Partial Controller Support | PvP | Steam Trading Cards,23.79,10749.0,1423.0,Very Positive,12172.0,0.883092343,,10696.0,False
644550,篱笆庄秘闻 / Mysteries of Fence,27/07/17,Adventure | Casual | Indie | RPG | Simulation | Strategy,Adventure | Casual | Indie | RPG | Simulation | Strategy | Visual Novel,"This game records the unknown pain and struggles in the far eastern country, we hope our descendants won't forget these tragedies happened before.",windows,Family Sharing | Single-player | Steam Achievements,2.79,260.0,29.0,Very Positive,289.0,0.899653979,,275.0,False
734550,Wheel Riders Online OBT,27/12/17,Action | Free To Play | Massively Multiplayer | Racing,Action | Free to Play | Massively Multiplayer | Open World | Racing,"Wheel Riders Online - Survival Racing. You will build your own mode transportation using the parts in your garage and battle other players online! A very entertaining automobile building system is waiting for you, don't let your fantasy limit you; moreover, those constant improvements are adding to your abilities.",windows,Co-op | In-App Purchases | Multi-player | Online Co-op | Online PvP | Partial Controller Support | PvP | Steam Trading Cards,0.0,69.0,186.0,Mostly Negative,255.0,0.270588235,,,True
982760,Medieval Towns,15/03/19,Action | Adventure | Early Access | Indie | Massively Multiplayer,Action | Adventure | Base Building | Building | Co-op | Crafting | Early Access | First-Person | Indie | Massively Multiplayer | Medieval | Multiplayer | Nature | Open World | Open World Survival Craft | PvP | Realistic | Sandbox | Survival | Swordplay,"A multiplayer game in medieval setting about survival, diplomacy, building of towns and conquests. Try to survive in wild nature, gather resources, create or join guild, build town and fight for glory or resources!",windows,Co-op | Family Sharing | Multi-player | Online Co-op | Online PvP | PvP,11.39,10.0,13.0,Mixed,23.0,0.434782609,,,False
99410,Garshasp: Temple of the Dragon,24/09/12,Action | Indie,Action | Fantasy | Hack and Slash | Indie,"The mighty mythological hero, Garshasp, travels into distant lands in search for the secrets hidden in the temple of the dragon, unaware of the hidden dangers and creatures awaiting him in the cursed lands.",windows,Family Sharing | Partial Controller Support | Single-player,3.99,45.0,95.0,Mostly Negative,140.0,0.321428571,,,False
593400,Float Gallery,19/07/17,Casual | Free To Play | Simulation,Casual | Free to Play | Simulation | VR,"Float Gallery shows the work of artists working in the digital realm and supports aesthetic and cultural practice in virtual environments. By nature, we define ourselves as a global endeavor, resolving boarders and blending realities in the search of new forms of being, discourse and organization.",windows,Single-player | Tracked Controller Support | VR Only,0.0,14.0,6.0,Mostly Positive,20.0,0.7,,,True
689100,Ravager,01/09/17,Action | Adventure | Indie,Action | Adventure | Indie | Platformer,"Ravager is a 2D Open World Platformer with 12 unique characters to ravage your way across the land. Each character has different upgrade abilities to fight against the army of Crows and Trolls, who are trying to unleash the Nidhoggr into the world.",windows,Family Sharing | Single-player | Steam Cloud,5.99,10.0,16.0,Mostly Negative,26.0,0.384615385,,,False
861510,Sail Ships,04/06/18,Indie,3D | Action | Arcade | Casual | Combat | Indie | Naval | Naval Combat | Open World | Pirates | Sailing | Simulation | Singleplayer | Strategy | Vehicular Combat,Sail ship battles. Navigation with compass and world map. Tactical looting enemy ships (controllable characters and three types of weapons). Trading with different goods and prices. You can create the design of your own ship from different parts.,windows,Family Sharing | Single-player,1.69,0.0,3.0,3 user reviews,3.0,0.0,,,False
485650,Campaign Clicker,05/10/16,Casual | Free To Play | Indie,Casual | Clicker | Free to Play | Funny | Indie | Pixel Graphics | Politics | Singleplayer,Democrats Vs Republicans! It's the political battle of the decade!,windows,In-App Purchases | Partial Controller Support | Single-player | Steam Achievements | Steam Cloud | Steam Leaderboards | Steam Trading Cards,0.0,194.0,208.0,Mixed,402.0,0.482587065,,,True
399040,Legends of Solitaire: Curse of the Dragons,28/09/15,Casual | Indie,Card Game | Casual | Indie | Solitaire,"Once, the Solitaire Kingdom fell under a dark curse. To restore its former glory, you must embark on a quest to defeat the dragons! Gather allies, trade coins at the blacksmith's workshop, and claim victory over these fierce beasts to lift the curse and save the kingdom! Your adventure awaits!",windows,Family Sharing | Single-player | Steam Achievements | Steam Trading Cards,3.99,104.0,17.0,Very Positive,121.0,0.859504132,,,False
526130,Sky Sanctuary,15/02/17,Action | Indie | Sports,Action | Arcade | Archery | Colorful | Competitive | Exploration | FPS | Family Friendly | Indie | Martial Arts | Nature | Ninja | Relaxing | Rhythm | Robots | Singleplayer | Sports | Stylized | Swordplay | Tutorial,"At the very heart of a secret sanctuary beyond the clouds, your sensei awaits to teach you long forgotten age-old arts. Empty your mind, focus and unleash your combat skills in order to become a true samurai.",windows,Family Sharing | Single-player | Stats | Steam Achievements | Steam Cloud | Steam Leaderboards | Tracked Controller Support | VR Only,9.99,43.0,5.0,Positive,48.0,0.895833333,,,False
1038620,House of 1000 Doors: Evil Inside,11/03/19,Adventure | Casual | Indie,Addictive | Adventure | Casual | Hidden Object | Indie | Point & Click | Singleplayer,Use the power of light to defeat a devastating darkness before it destroys mankind!,windows,Family Sharing | Single-player | Steam Cloud,5.19,90.0,38.0,Mostly Positive,128.0,0.703125,,,False
823360,Sloppy Goat,29/03/18,Casual | Indie,2D | 2D Platformer | Arcade | Casual | Indie | Pixel Graphics | Precision Platformer | Procedural Generation | Puzzle | Real Time Tactics | Relaxing | Short | Side Scroller | Singleplayer | Time Management | Turn-Based Strategy,"The purpose of the game to jump out of a pit on falling blocks on you. Place the blocks in the correct order. It is required to put strong blocks on the bottom. Be careful, the main thing that on you did not fall crate!",windows,Family Sharing | Single-player | Steam Achievements,2.89,75.0,29.0,Mostly Positive,104.0,0.721153846,,,False
703200,Jumphobia XL,04/09/17,Action | Casual | Indie,2D | 2D Platformer | 8-bit Music | Action | Arcade | Casual | Difficult | Family Friendly | Indie | Level Editor | Linear | Logic | Minimalist | Physics | Platformer | Precision Platformer | Puzzle | Puzzle Platformer | Singleplayer | Stylized,"Are you ready for the ultimate puzzle platforming challenge? There is no jump button, instead you automatically jump when you run off a ledge! You are going to need both skill and intelligence if you hope to beat this game!",windows | mac,Family Sharing | Includes level editor | Single-player,1.99,11.0,5.0,Mixed,16.0,0.6875,,,False
552300,Soldier Sortie :VR Agent 006,16/12/16,Action | Adventure | Gore | Strategy | Violent,Action | Adventure | Gore | Strategy | VR | Violent,"Soldier Sortie:VR Agent 006 is a shooting adventure game developed with HTC VIVE. The game will bring you exciting experience of VR technology. Breaking through the virtuality and reality, experience the intense gunfight and puzzle adventure in the virtual world.",windows,Family Sharing | Single-player | Steam Achievements | Tracked Controller Support | VR Only,14.99,7.0,6.0,Mixed,13.0,0.538461538,,,False
773640,Colony On Mars,04/01/18,Casual | Indie | Simulation | Strategy,Base Building | Casual | Indie | Simulation | Strategy,"You play as an astronaut in a colony on Mars and you need to upgrade your colony, build new constructions and collect resources",windows,Family Sharing | Single-player | Steam Achievements,1.69,11.0,36.0,Mostly Negative,47.0,0.234042553,,,False
383840,Nimbatus - The Space Drone Constructor,03/10/18,Action | Indie | Simulation,Action | Adventure | Automation | Building | Crafting | Exploration | Fighting | Logic | Physics | Programming | Puzzle | Robots | Sandbox | Sci-fi | Singleplayer | Space | Space Sim | Sports | Strategy | Survival,"Command the Nimbatus and craft drones out of hundreds of different parts. Survive unknown threats in a fully destructible, procedural universe, compete against other players in different arenas or enjoy complete creative freedom in the sandbox.",windows | mac | linux,Family Sharing | Remote Play Together | Single-player | Stats | Steam Achievements | Steam Cloud | Steam Leaderboards | Steam Trading Cards | Steam Workshop,15.49,1641.0,408.0,Very Positive,2049.0,0.800878477,,1659.0,False
956430,Steampunk Graveyard,26/10/18,Action | Casual | Indie,2D | 2D Platformer | Action | Action-Adventure | Cartoony | Casual | Controller | Dungeon Crawler | Female Protagonist | Horror | Perma Death | Platformer | Procedural Generation | Robots | Roguelite | Short | Side Scroller | Steampunk | Underground | Zombies,"The dead walk with a metallic clunk! Run, jump and shoot your way past mechanized zombies in an endless series of graveyards. It's up to you, Professor Selene Gasket, to put a stop to the menace and save the terrified villagers from the minions of Baron Richter von Sprocket.",windows | linux,Family Sharing | Full controller support | Single-player | Stats | Steam Achievements | Steam Cloud,1.99,2.0,5.0,7 user reviews,7.0,0.285714286,,,False
455190,Domain Defense VR,11/05/17,Casual | Indie | Strategy,Casual | Indie | Strategy | VR,Domain Defense VR is a stand alone game that has been built from the ground up for virtual reality. This tabletop style tower defense game will have you defending each unique level against waves of enemies and bosses with an arsenal of towers and special abilities.,windows,Family Sharing | Full controller support | Single-player | Stats | Steam Achievements | Steam Cloud | Tracked Controller Support | VR Supported,5.79,15.0,4.0,Mostly Positive,19.0,0.789473684,,,False
746020,Pit of Evil,26/10/18,Adventure | Indie | RPG,Action | Action RPG | Action-Adventure | Adventure | Cute | Emotional | Epic | Fantasy | Fast-Paced | Funny | Horror | Indie | JRPG | Mystery | Psychological Horror | Puzzle | RPG | RPGMaker | Story Rich | Turn-Based,"Barry and his friends Arlene and Nellie decide to visit the Pit of Evil, the place where they lost their friend Fynn. While spending the night in a tent, things take an unexpected turn. The group gets seperated, while Barry suffers the same fate as Fynn, falling into the Pit of Evil.",windows | mac | linux,Family Sharing | Full controller support | Single-player | Steam Achievements | Steam Cloud,7.99,5.0,8.0,Mostly Negative,13.0,0.384615385,,,False
917050,Find The Balance,28/09/18,Casual | Indie,Casual | Indie,"Stones, bones and bananas - whatever you can imagine. Place all the stuff to make a steady tower and have fun finding the balance in this exciting physics game. Think over, select and rotate elements, cut the line and drop objects gently.",windows | mac,Family Sharing | Full controller support | Multi-player | Remote Play Together | Shared/Split Screen | Single-player | Steam Achievements | Steam Cloud | Steam Leaderboards,3.99,2.0,0.0,2 user reviews,2.0,1.0,,,False
537540,The Last Journey,25/04/17,Adventure | Indie | Simulation,Adventure | Indie | Simulation,The Last Journey is an ultimate post-nuclear exploration game in which you travel the universe to find a new planet suitable for mankind to live on after the Earth was destroyed in a nuclear war.,windows | mac,Single-player,0.0,25.0,28.0,Mixed,53.0,0.471698113,,,True
904050,American University Life ~Welcome Week!~,01/08/18,Casual | Indie,Casual | Indie | Nudity | Sexual Content | Visual Novel,"Take the role of first year student Skye in his first week of college on a remote getaway. Meet his four other roommates as they learn to live together, set boundaries, and engage in their lifestyle.",windows | mac | linux,Family Sharing | Partial Controller Support | Single-player,3.99,10.0,4.0,Mostly Positive,14.0,0.714285714,,,False
653960,DinoBlaster,03/01/18,Action | Indie,Action | Indie,Sidestep extinction as a dino in this arcade dodge-'em-up. This deluxe release features cutting-edge Brontoscan vector graphics.,windows | mac,Co-op | Family Sharing | Multi-player | Partial Controller Support | Remote Play Together | Shared/Split Screen | Shared/Split Screen Co-op | Single-player,3.99,3.0,0.0,3 user reviews,3.0,1.0,,,False
428800,liteCam Game 5:  120 FPS Game Capture + Streamer,18/12/15,Audio Production | Education | Software Training | Video Production | Web Publishing,Audio Production | Education | Software Training | Video Production | Web Publishing,‘liteCam Game: 120 FPS Game Capture’ is a next-gen game recorder and Live Streaming software for Steam users. liteCam Game 5.0 has a minimal impact on game performance while recording at up to 120 FPS and Live Streaming directly to Twitch or Youtube!,windows,Captions available,14.99,39.0,53.0,Mixed,92.0,0.423913043,,,False
504280,The Cold War Era,09/09/16,Indie | Simulation | Strategy,2D | Alternate History | Cold War | Diplomacy | Economy | Education | Grand Strategy | Historical | Indie | Management | Military | Modern | Political | Political Sim | Real Time Tactics | Simulation | Singleplayer | Strategy | Tactical | War,The Cold War Era is strategy game based on the historical conflict between the USA and the USSR,windows,Family Sharing | Single-player | Steam Achievements,3.99,14.0,11.0,Mixed,25.0,0.56,,,False
647500,Near Death Experience,09/06/17,Gore | Indie | Violent,Gore | Horror | Indie | Psychological Horror | Survival Horror | Violent,Near Death Experience is a defensless horror game that puts you in the mind of a car crash victim that lost his memory and finds himself in a threatening and unknown area. The player has to solve riddles to try to regain his memory while running from dark forces.,windows,Family Sharing | Single-player,3.99,18.0,10.0,Mixed,28.0,0.642857143,,,False
265610,Epic Battle Fantasy 4,25/02/14,Adventure | RPG,2D | Action | Adventure | Anime | Casual | Cats | Comedy | Cute | Epic | Fantasy | Funny | Great Soundtrack | Indie | JRPG | Parody | RPG | Singleplayer | Strategy | Turn-Based | Turn-Based Combat,"A light-hearted turn-based RPG, heavily inspired by old 2D classics. You will battle through waves of cute enemies, grow your characters, explore a diverse world, solve puzzles, and of course, save the world. (Just updated to version 3!)",windows,Family Sharing | Single-player | Steam Achievements | Steam Cloud | Steam Trading Cards,8.99,2981.0,94.0,Overwhelmingly Positive,3075.0,0.969430894,,2571.0,False
501840,Don't Disturb,01/09/16,Indie,2D | Abstract | Adventure | Anime | Cartoony | Choices Matter | Dog | Emotional | Exploration | Hand-drawn | Linear | Multiple Endings | Philosophical | Point & Click | Puzzle | Side Scroller | Singleplayer | Story Rich | Stylized | Walking Simulator,"Single-player puzzle adventure with a beautiful, distinctive art style and a genuinely emotional story. As a lonely dog wandering the afterlife searching for his dead master, 'Don't Disturb' explores traditional Asian views on death and the underworld.",windows | mac | linux,Family Sharing | Single-player | Steam Trading Cards,2.69,579.0,106.0,Very Positive,685.0,0.845255474,,487.0,False
